{
  "Block_A": {
    "Real_Avg": 0.7840400687051563,
    "P_Value": 0.4825
  },
  "Block_B": {
    "Real_Entry_Avg": 0.8484078304129103,
    "Random_Entry_Avg": 5.879708642054849
  },
  "Block_C": {},
  "Block_D": {
    "Growth_Only_Avg": 0.5972050685793912,
    "Growth_Mega_Avg": 0.7382874660839108
  },
  "Block_E": {
    "Avg_Z_Vol_Corr": -0.1018011424181676
  },
  "Block_F": {
    "Slippage_0bps": 1.0462610638188143,
    "Slippage_10bps": 0.9009291009698751,
    "Slippage_20bps": 0.7766836431569749
  },
  "Block_G": {
    "Avg_Correlation_SPY": -0.16025086660899812
  },
  "Block_H": {
    "Real_CAGR_Proxy": 0.7840400687051563,
    "Random_Mean": 1.0895658337872933,
    "P_Value": 0.818,
    "CI_Lower": 0.4441787807180757,
    "CI_Upper": 3.056138837968158
  },
  "Block_I": {
    "High_Dev_Vol": 0.022877930513602467,
    "Low_Dev_Vol": 0.016913406731025944,
    "P_Value": 0.0
  }
}